"Truy vấn của bạn yêu cầu phân tích chiến lược cốt lõi cho Chi nhánh Đông Sài Gòn (DSG) trong năm 2026, cụ thể là: Ưu tiên phân khúc khách hàng nào và phân bổ lại ngân sách hoạt động 285 tỷ VND ra sao.",Unnamed: 1,Unnamed: 2,Unnamed: 3,Unnamed: 4,Unnamed: 5,Unnamed: 6
,,,,,,
"Dựa trên bối cảnh Chi nhánh DSG đang đối mặt với lợi nhuận giảm 15.1%, Tỷ lệ Nợ xấu (NPL) tăng lên 2.4% (vượt ngưỡng cảnh báo 2.0%), và điểm hài lòng khách hàng (NPS) rất thấp (32 điểm), chiến lược phải tập trung giải quyết cả ba vấn đề này thông qua việc tái phân bổ nguồn lực.",,,,,,
,,,,,,
,,,,,,
,,,,,,
1. Phân khúc Khách hàng Ưu tiên (1-2 Phân khúc),,,,,,
,,,,,,
"Theo yêu cầu từ Tổng Giám đốc, Chi nhánh không được dàn trải mà phải tập trung vào 1-2 phân khúc ưu tiên. Việc lựa chọn phân khúc ưu tiên phải dựa trên tiêu chí cân bằng giữa Rủi ro (giảm NPL < 2.0%) và Hiệu suất (ROE cao, tăng trưởng).",,,,,,
,,,,,,
"Dựa trên dữ liệu hiệu suất 2025, Chi nhánh nên ưu tiên:",,,,,,
,,,,,,
Phân khúc Ưu tiên 1: Khách hàng Doanh nghiệp Lớn (DN Lớn),,,,,,
,,,,,,
"DN Lớn là nền tảng của Chi nhánh, đóng góp 42% lợi nhuận và chiếm 55.2% tổng dư nợ.",,,,,,
,,,,,,
Tiêu chí,Dữ liệu KHDN Lớn (2025),Vai trò chiến lược,,,,
Chất lượng Tài sản,"NPL chỉ 1.2%, thấp hơn nhiều so với mục tiêu 2.0%.",Giúp Chi nhánh dễ dàng đạt được mục tiêu giảm NPL xuống <2.0%.,,,,
Tiềm năng,"Tăng trưởng chậm (+2.1%), nhưng có tiềm năng lớn về thu phí thông qua Cross-selling (hiện tại 28% so với đối thủ 45%).",Cần đầu tư vào công nghệ và chất lượng RM để giữ chân các khách hàng lớn có chất lượng.,,,,
Rào cản,"Quy trình phê duyệt chậm (12 ngày), dẫn đến 28% KHDN rời bỏ.",Cần ưu tiên công nghệ để tăng tốc độ và giữ chân DN Lớn.,,,,
,,,,,,
Phân khúc Ưu tiên 2: Khách hàng Cá nhân Cao cấp (KHCN Cao cấp),,,,,,
,,,,,,
Đây là phân khúc tăng trưởng mạnh và có hiệu suất tài chính cao nhất.,,,,,,
,,,,,,
Tiêu chí,Dữ liệu KHCN Cao cấp (2025),Vai trò chiến lược,,,,
Hiệu suất,ROE 32.1% (cao nhất Chi nhánh). NPL cực thấp: 0.4%.,"Mang lại nguồn lợi nhuận ổn định và chất lượng cao, giúp bù đắp rủi ro từ SME.",,,,
Tiềm năng,62% KHCN Cao cấp muốn dịch vụ Wealth Management. Có 366 tỷ VND Tài sản quản lý (AUM) đang nằm ở ngân hàng khác.,Cơ hội lớn để tăng thu phí dịch vụ (nếu Cross-selling tăng từ 25% lên 42%).,,,,
Tăng trưởng,Tăng trưởng dư nợ +12.8%.,Tận dụng xu hướng Wealth Management đang phát triển mạnh.,,,,
,,,,,,
Kết luận Phân khúc Ưu tiên,,,,,,
,,,,,,
Chi nhánh nên tập trung Củng cố KHDN Lớn (về chất lượng dịch vụ và tốc độ) và Đẩy mạnh KHCN Cao cấp (về Wealth Management và Digital Experience).,,,,,,
,,,,,,
"Lưu ý về SME: Phân khúc SME có ROE 24.5% nhưng NPL 3.8% (chiếm 43% tổng nợ xấu). DSG không nên ưu tiên tăng trưởng SME dàn trải, mà cần tái cấu trúc và thắt chặt SME kém chất lượng (như F&B, Bán lẻ, Du lịch) để giảm NPL, đồng thời hỗ trợ SME chất lượng cao bằng giải pháp công nghệ (Credit Scoring).",,,,,,
,,,,,,
,,,,,,
,,,,,,
2. Tái Phân bổ Ngân sách Hoạt động 285 tỷ VND,,,,,,
,,,,,,
"Ngân sách 285 tỷ VND được giữ nguyên, nhưng Giám đốc Tài chính (GĐTC) yêu cầu tái phân bổ để tối ưu hóa ROI.",,,,,,
,,,,,,
Phân tích Ngân sách Hiện tại và ROI,,,,,,
,,,,,,
Hạng mục,Hiện tại (tỷ VND),%,ROI,Ghi chú từ GĐTC,,
Công nghệ,34.2,0.12,4.5x,Cao nhất. Cần 13 tỷ cho CRM & Credit Scoring.,,
Đào tạo,14.25,0.05,3.8x,"Tốt, nhưng cần tăng cường để giảm Turnover 18%.",,
Marketing,51.3,0.18,1.2x,Thấp nhất. Digital Marketing (25%) có ROI 2.8x.,,
Nhân sự,142.5,0.5,-,Cao hơn TB ngành (45%).,,
Vận hành,42.75,0.15,-,-,,
TỔNG,285,1,,,,
,,,,,,
Đề xuất Tái Phân bổ,,,,,,
,,,,,,
"Để thực hiện chiến lược ưu tiên KHDN Lớn (cần tốc độ) và KHCN Cao cấp (cần Digital/Wealth), Chi nhánh bắt buộc phải đầu tư vào Công nghệ (Credit Scoring và CRM) với tổng chi phí 13 tỷ VND.",,,,,,
,,,,,,
Nguồn vốn nên lấy từ Marketing truyền thống vì đây là hạng mục có ROI thấp nhất (1.2x).,,,,,,
,,,,,,
Hạng mục,Hiện tại (%),Chi phí (tỷ VND),Đề xuất (tỷ VND),Đề xuất (%),Thay đổi,Cơ sở lý luận (Theo tiêu chí ROI)
Nhân sự,0.5,142.5,142.5,0.5,Giữ nguyên,Cần duy trì đội ngũ 245 nhân viên.
Marketing,0.18,51.3,38.3,0.134,Cắt -13 tỷ,Cắt giảm phần Marketing truyền thống (ROI 0.7x - 1.2x) để tài trợ cho Công nghệ.
Vận hành,0.15,42.75,42.75,0.15,Giữ nguyên,
Công nghệ,0.12,34.2,47.2,0.165,Tăng +13 tỷ,"Ưu tiên cao nhất. Để triển khai Credit Scoring (5 tỷ, ROI 8-9x) và CRM (8 tỷ, ROI 2.3x năm đầu/52x năm 2)."
Đào tạo,0.05,14.25,14.25,0.05,Giữ nguyên,"Cần tập trung ngân sách đào tạo 14.25 tỷ vào các lĩnh vực Digital Literacy, Cash Management, và Wealth Management để tối ưu ROI 3.8x."
TỔNG,1,285,285,1,,
,,,,,,
Lý do cho việc tái phân bổ:,,,,,,
,,,,,,
1. Tối ưu hóa ROI: Chuyển vốn từ Marketing truyền thống (ROI 1.2x) sang Công nghệ (ROI 4.5x) là quyết định tài chính hiệu quả nhất.,,,,,,
2. Giải quyết Rủi ro cốt lõi: Việc đầu tư 13 tỷ vào Công nghệ sẽ giải quyết trực tiếp 3 vấn đề lớn nhất của Chi nhánh:,,,,,,
Giảm NPL: Credit Scoring (5 tỷ) giúp giảm NPL 0.3-0.5% (tiết kiệm 20-30 tỷ dự phòng).,,,,,,
"Tăng tốc độ: Credit Scoring giúp rút ngắn thời gian phê duyệt từ 12 ngày xuống 2-3 ngày, giữ chân KHDN Lớn (NPL 1.2%).",,,,,,
Tăng NPS/Cross-sell: CRM (8 tỷ) giúp tăng cross-selling 15-20% (thêm ~38 tỷ thu phí) và cải thiện trải nghiệm khách hàng.,,,,,,
,,,,,,
Việc phân bổ lại ngân sách này giúp Chi nhánh thực hiện mục tiêu chiến lược tập trung vào KHDN Lớn và KHCN Cao cấp bằng cách cung cấp các công cụ công nghệ cần thiết để cạnh tranh với các đối thủ có tốc độ phê duyệt và trải nghiệm số tốt hơn (như Techcombank và VPBank).,,,,,,
